Arleta,Bladesmith,10A
Gerri,Limpricht,10A
Tersina,Scoates,10A
Lowrance,Diggles,10A
Brandais,Foulsham,10A
Melantha,Berndtssen,10A
Pepillo,Lafontaine,10A
Mayor,Pitson,10A
Brod,Tant,10A
Danyelle,Moxham,10A
Herman,Cecchetelli,10A
Sherrie,Weatherup,10A
Winny,Burkart,10A
Rivkah,Rimmington,10A
Deerdre,Neil,10A
Charles,Haselden,10A
Theodosia,Giovannelli,10A
Natalina,Hardes,10A
Hartley,Hoff,10A
Marijo,Eastwell,10B
Winni,Weddell,10B
Rosemary,Padgett,10B
Adriena,Bradnocke,10B
Darius,Howis,10B
Scot,Inder,10B
Hermann,Gross,10B
Richmound,Rolles,10B
Wynn,Crimes,10B
Sylas,Ghilardi,10B
Tessi,Lanney,10B
Gretal,Gouda,10B
Jerrylee,Penni,10B
Pieter,Gyford,10B
Miner,Levee,10B
Mendel,Deavin,10B
Timofei,Pentecost,10C
Rosalinde,Falloon,10C
Rodolph,Amberson,10C
Moritz,Pinkard,10C
Penny,Marke,10C
Ingram,Iredale,10C
Dukie,Folliott,10C
Morton,Rene,10C
Georgine,Santello,10C
Baillie,Beal,10C
Urbanus,Ingold,10C
Shelia,Breston,10C
Clark,Berns,10C
Emelen,Waszczyk,10C
Loralee,Oxlade,10C
Cammi,Elmar,10C
Kittie,Zieme,10C
Collete,Merriman,10C
Adelind,Blewett,10C
Lester,Chidley,10C
Sandor,Traher,10C
Augustin,Fryers,10C
Arnuad,Latham,10C
Fenelia,Jex,10C
Misti,Pedden,10D
Othello,Renvoys,10D
Dorine,Munby,10D
Jeno,Matignon,10D
Kippie,Gossage,10D
Kipp,Welfair,10D
Montgomery,Campagne,10D
Fee,Sitlington,10D
Aile,Beavon,10D
Stavros,Beccera,10D
Jolie,Dayton,10D
Carol-jean,Poltone,10D
Kurtis,Bello,10D
Waldemar,Stolte,10D
Michaeline,Viant,10D
Hersh,Muckloe,10D
Jenny,Shales,10D
Emmy,Mergue,10D
Gilburt,Trevaskiss,10D
Esme,Cootes,10D
Pincus,Dulieu,10D
Marice,Sommerling,10D
Carrol,Sawers,10D
Wallache,Gaitskill,10D
Bradney,Carmel,10E
Aland,Kienzle,10E
Noam,Blindmann,10E
Larine,Jephcott,10E
Eden,Studders,10E
Octavius,Starkings,10E
Daphna,Rollinson,10E
Lorrie,Claibourn,10E
Blinny,Iskowitz,10E
Fanchon,Smart,10E
Blinny,Kidgell,10E
Adara,Klewer,10E
Earvin,Bliss,10E
Orazio,Roderick,10E
Jonie,Kivelle,10E
Wilfred,Tenny,10E
Gael,Ayre,10E
Annabal,Lethem,10F
Britney,Middlemiss,10F
Brooks,Reeveley,10F
Massimo,Fatscher,10F
Collie,Martinie,10F
Magdaia,Grisewood,10F
Kliment,Bowbrick,10F
Puff,Dawley,10F
Sigfried,Fuzzens,10F
Keefe,Ianiello,10F
Kalil,Hatzar,10F
Daron,Kingsmill,10F
Miles,Drohun,10F
Natalina,Ambrosch,10F
Thorsten,Druery,10F
Joey,Skermer,10F
Nessy,Perrygo,10F
Marin,Behning,10G
Nealy,Paulino,10G
Olly,Snoddy,10G
Angelia,Kipling,10G
Hieronymus,Bruyns,10G
Tracie,Cordingly,10G
Lambert,Habbergham,10G
Alick,Lamond,10G
Lotte,Aldridge,10G
Natassia,Balderston,10G
Bentley,Coytes,10G
Edsel,Queree,10G
Tamera,Gosalvez,10G
Olly,Applewhite,10G
Clayborne,Jayes,10G
Paulie,Shotton,10G
Carey,Geraud,10G
Jaye,Bassford,11Q
Melva,Cutbush,11Q
Bear,Fatscher,11Q
Junette,Byass,11Q
Wileen,Klampk,11Q
Lyndel,McQuillan,11Q
Camellia,Peasgood,11Q
Kessia,Boundley,11Q
Dal,Chipping,11Q
Lucia,McGillecole,11Q
Vale,Streatley,11Q
Georges,Prettejohns,11Q
Vernor,Naris,11Q
Worthington,Abrahami,11Q
Carolina,Lawrenceson,11Q
Ashley,Riccardini,11Q
Jenine,Bouette,11Q
Bill,Kittle,11Q
Celene,Stout,11Q
Tracy,Charpling,11Q
Simonette,Fuzzens,11Q
Danna,Whawell,11Q
Kane,Vairow,11Q
Nickie,Olech,11Q
Wilmar,Lambrechts,11Q
Nathanial,de Courcy,11Q
Donavon,Siely,11Q
Eustace,Jellicorse,11Q
Barron,Solomonides,11Q
Ingrim,Oslar,11Q
Rakel,Hallock,11Q
Evonne,Hallmark,11Q
Ashli,Timpany,11Q
Rudyard,Bruhnsen,11Q
Adey,Di Carli,11Q
Dallas,Hackworthy,11Q
Earlie,Prantl,11Q
Ody,Spreadbury,11Q
Annora,Shearstone,11Q
Ozzy,Copyn,11Q
Noam,Segeswoeth,11Q
Quentin,Maplethorp,11Q
Bartlet,Sherar,11Q
Wilow,Cartmell,11Q
Lilla,Simunek,11Q
Drucy,Chillistone,11Q
Tatiania,Schulz,11Q
Georgeanne,Sayce,11Q
Nefen,Kensley,11Q
Prudy,Height,11Q
Evelin,Chang,11Q
Lev,Mitchell,11Q
Fabien,Burree,11Q
Lorelle,Conkay,11Q
Gwennie,Glassard,11Q
Bear,Juris,11Q
Rozele,Braidley,11Q
Zachariah,Custard,11Q
Allsun,Marl,11Q
Cordy,Bome,11Q
Lorenza,Orrobin,11Q
Isabeau,Haimes,11Q
Graehme,Ianne,11Q
Currie,Perritt,11Q
Emmeline,Baccup,11Q
Melodee,Jacson,11Q
Christian,Zorer,11Q
Aldo,Hadwick,11Q
Olav,Sydenham,11Q
Leland,Scyner,11Q
Florentia,Balazin,11Q
Evangelia,Kardos-Stowe,11Q
Payton,Peteri,11Q
Waylin,Keddie,11Q
Jania,Lafflin,11Q
Killy,Bayless,11Q
Jeddy,Makin,11Q
Fraser,Tryhorn,11Q
Aleen,Cooper,11Q
Derrick,Jorden,11Q
Grethel,Sutehall,11Q
Lynna,Mealing,11Q
Worth,Brabant,11Q
Allina,Kittredge,11Q
Josepha,Dieton,11Q
Gwyn,Sandbatch,11Q
Garland,Nials,11Q
Tessi,Petters,11Q
Walther,Vannuchi,11Q
Raddie,Blackmuir,11Q
Corey,Marjanski,11Q
Correy,Leith-Harvey,11Q
Claresta,Toppas,11Q
Hayes,Boler,11Q
Franchot,Wallington,11Q
Judah,Minocchi,11Q
Jarvis,Eayrs,11Q
Jayme,Fforde,11Q
Horacio,Stopforth,11Q
Currie,Hug,11Q
Ax,Garthland,11Q
Dalia,Waterstone,11Q
Town,Blues,11Q
Ozzy,Penchen,11Q
Brew,Halfpenny,11Q
Essy,Malia,11Q
Whitney,Rolling,11Q
Jereme,Haddy,11Q
Dorris,Broomhead,11Q
Salome,Attenbrow,11Q
Rosaline,Spraberry,11Q
Robbie,Mirams,11Q
Georg,Kermitt,11Q
De witt,Carles,11Q
Daniele,Osburn,11Q
Will,Paddefield,11Q
Madalena,Sisland,11Q
Liana,Popplestone,11Q
Sarge,Davoren,11Q
Car,Castagne,11Q
Bee,Gibby,11Q
Pierre,Emmerson,11Q
Chaddie,Stife,11Q
Pietra,Staterfield,11Q
Sunshine,Taunton,11Q
Barr,Greger,11Q
Devin,Verryan,11Q
Prentiss,Janusik,11Q
Meridith,Ribbon,11Q
Abagail,Lucey,11Q
Jarret,Haggerwood,11Q
Alix,Crolla,11Q
Bette,Gofford,11Q
Dicky,Adan,11Q
Riane,Lumsdon,11Q
Lief,Revey,11Q
Beale,Vaughan-Hughes,11Q
Coretta,Vittore,11Q
Colline,Grolle,11Q
Robbi,Greenshiels,11Q
Shellysheldon,Schonfeld,11Q
Amos,Pawelczyk,11Q
Beale,Eke,11Q
Herschel,De Hailes,11Q
Hobard,Bartlam,12Q
Shel,Drees,12Q
Hallsy,Lindell,12Q
Eveline,Mullinger,12Q
Chicky,Pedrielli,12Q
Sigvard,Mainwaring,12Q
Matthiew,Poile,12Q
Muire,Shawyers,12Q
Devlen,Benet,12Q
Nerty,Minichi,12Q
Francene,Samsonsen,12Q
Chantalle,Awcoate,12Q
Robina,Galley,12Q
Sissy,Madsen,12Q
Herve,MacElroy,12Q
Doroteya,Satyford,12Q
Mel,Mark,12Q
Claudius,Mettricke,12Q
Fabian,De Ruggiero,12Q
Svend,Hairesnape,12Q
Stacee,Siggins,12Q
Rafaela,Szymanzyk,12Q
Melba,Scutts,12Q
Tiffani,Leng,12Q
Myrle,Brodley,12Q
Camel,Rowbottom,12Q
Bibi,Saiz,12Q
Bern,Lowndes,12Q
Jedidiah,Reichardt,12Q
Daffi,Straneo,12Q
Nerty,Dotterill,12Q
Heriberto,Isakov,12Q
Raf,Choudhury,12Q
Ingmar,Dornin,12Q
Dan,Kitt,12Q
Clerkclaude,Macias,12Q
Sandye,Colquhoun,12Q
Don,Berrecloth,12Q
Sadye,Lukes,12Q
Ronnica,Checchi,12Q
Ansell,Raeburn,12Q
Davy,Dormer,12Q
Dante,Iddens,12Q
Jonathon,Beckerleg,12Q
Allie,Bellin,12Q
Collette,Gerrett,12Q
Sherlocke,Petit,12Q
Sasha,Chaimson,12Q
Emmett,Gresswell,12Q
Darren,Relton,12Q
Mead,Lghan,12Q
Kelvin,Forrestall,12Q
Lilia,Mutter,12Q
Kinnie,Lathwood,12Q
Tristam,Terney,12Q
Roddie,Camsey,12Q
Paulo,Bernuzzi,12Q
Arabele,Eadie,12Q
Betteanne,Gurney,12Q
Shaylah,Woolger,12Q
Wit,Grancher,12Q
Launce,Harbisher,12Q
Herve,Iwanowicz,12Q
Juliane,Placidi,12Q
Waylan,Hillhouse,12Q
Christopher,Sidaway,12Q
Lacy,Heijnen,12Q
Dennet,Lauks,12Q
Trevor,Dwine,12Q
Sile,Bessett,12Q
Edita,Wandrey,12Q
Anabel,Naptine,12Q
Amerigo,Toohey,12Q
Anthony,Gascar,12Q
Guillaume,Marlon,12Q
Florrie,Klimt,12Q
Fredrika,Carcass,12Q
Coop,Landsberg,12Q
Rudiger,Meechan,12Q
Carmon,Dowglass,12Q
Cort,Magnay,12Q
Chas,Rounsefell,12Q
Ronald,Bricksey,12Q
Sigrid,Dorber,12Q
Catlee,Stubbings,12Q
Christye,Gegg,12Q
Salem,Norrie,12Q
Durant,Bachelar,12Q
Laurianne,Fourmy,12Q
North,Rosewarne,12Q
Todd,Vasyanin,12Q
Daron,Campsall,12Q
Dionysus,Augustin,12Q
Forrest,Abdon,12Q
Pail,Beves,12Q
Ellene,Magnar,12Q
Alexandrina,Warde,12Q
Sunny,Billson,12Q
Orazio,Forgie,12Q
Julius,Didball,12Q
Bank,Huyche,12Q
Enrique,Goldfinch,12Q
Bennie,Leverette,12Q
Olwen,Coniff,12Q
Lisetta,Cadlock,12Q
Giraud,Gynne,12Q
Trixi,Di Lucia,12Q
Feodora,Romeuf,12Q
Ragnar,Akrigg,12Q
Marlo,Dunmuir,12Q
Arabele,Conti,12Q
Drud,Bootton,12Q
Jorgan,Strowger,12Q
Corbie,Sendall,12Q
Channa,Deveril,12Q
Antonius,Forsbey,12Q
Octavia,Petruszka,12Q
Cindee,Andreix,12Q
Nealy,Bailiss,12Q
Andonis,Elstone,12Q
Babbie,Probyn,12Q
Kinnie,Gerard,12Q
Tiphani,Daveley,12Q
Ignacio,Margerison,12Q
Carmelle,Argile,12Q
Towney,Oates,12Q
Mariejeanne,Dykas,12Q
Darcy,Diss,12Q
Dory,Viant,12Q
Fenelia,Eaken,12Q
Erhard,Grim,12Q
Kimberli,Gregine,12Q
Morgun,Tuckwell,12Q
Alyda,Cattini,12Q
Merrill,Mapletoft,12Q
Moise,Outerbridge,12Q
Hilary,de Copeman,12Q
Donn,OShavlan,12Q
Giraud,Soughton,12Q
Yard,Pheazey,5A
Kendrick,Rosenfarb,5A
Nessie,Durran,5A
Belicia,Daintrey,5A
Eleni,Huxtable,5A
Homer,Laste,5A
Maximilien,Veivers,5A
Rozanna,Teodori,5A
Mersey,Meachan,5A
Teddie,Ferier,5A
Aviva,Sansbury,5A
Florina,Harden,5A
Dorie,Call,5A
Rana,McGonagle,5A
Lexi,Payley,5A
Forrest,Hobble,5A
Chickie,Cattrall,5A
Travis,Fowgies,5A
Mahmoud,Vittori,5A
Albrecht,Martygin,5A
Dorice,Sayse,5A
Samuel,Gateman,5A
Rita,Goreway,5A
Jeno,Spick,5A
Tandie,Hamblyn,5A
Wilmar,Rodgers,5A
Miranda,Gambrell,5A
Darbee,Headland,5B
Miguel,Macconachy,5B
Lloyd,Kimbly,5B
Effie,Alflatt,5B
Nathalie,Kemme,5B
Abbye,Haversham,5B
Skipton,Folke,5B
Henri,Lee,5B
Gorden,Oughtright,5B
Cordell,Redon,5B
Jimmie,Baly,5B
Enrichetta,Croydon,5B
Peirce,Linton,5B
Tanya,Woodyatt,5B
Danila,Moreinu,5B
Jeanie,Tryhorn,5B
Giselle,Spires,5B
Maddie,Ortes,5B
Althea,Cervantes,5B
Nevins,Korpal,5B
Agna,Hedditeh,5B
Jeanne,Braam,5B
Robby,Tallant,5B
Porty,Collett,5B
Brigham,Frankton,5B
Curr,McGarel,5B
Ryon,Dahlbom,5B
Tatum,Nelles,5C
Kiah,Lugg,5C
Hildegaard,Wasylkiewicz,5C
Man,Buxsey,5C
Darsie,Turvey,5C
Henrietta,Bletsor,5C
Rana,Drought,5C
Karena,Bunhill,5C
Maggy,Dieton,5C
Coriss,Autie,5C
Ricoriki,Eich,5C
Lorinda,Ratazzi,5C
Avram,Statefield,5C
Shayna,Poge,5C
Eleanore,Bacop,5C
Simone,Drury,5C
Anders,Jorczyk,5C
Orelee,Vaughan,5C
Jordanna,ORiordan,5C
Carlen,Corfield,5C
Noelle,Bromfield,5C
Simonette,Colclough,5C
Clay,McAughtrie,5C
Sly,Lethabridge,5C
Bendicty,Benoi,5C
Lilllie,Neild,5C
Solly,Bradlaugh,5C
Billie,Morrallee,5D
Cortie,Goodsall,5D
Allys,Brittoner,5D
Wald,Di Lucia,5D
Thebault,Bellsham,5D
Savina,McGinney,5D
Cathyleen,Attle,5D
Brinna,Bohlmann,5D
Alessandra,Hearns,5D
Aldo,Farres,5D
Noami,Pollock,5D
Melissa,Durn,5D
Hyacinthe,Bartleet,5D
Farrel,Hulles,5D
Colby,Baselio,5D
Lisabeth,Adolfsen,5D
Penni,Cholton,5D
Tory,Attril,5D
Jamal,Sanderson,5D
Halimeda,McWhin,5D
Enos,Wharf,5E
Henryetta,Cruse,5E
Jule,Hovington,5E
Rossie,Garforth,5E
Lucian,Deeson,5E
Skip,Telford,5E
Scarlet,Grindle,5E
Charles,Zaniolini,5E
Auroora,Billinge,5E
Constantine,Grocott,5E
Chaddy,Bremond,5E
Carole,Gibb,5E
Claude,Suff,5E
Ricca,Baldrey,5E
Garrott,Fernandes,5E
Antonina,Gidney,5E
Lexis,Lievesley,5E
Walton,Blankhorn,5E
Marcille,Danielis,6A
Hermina,Pate,6A
Malcolm,Sighart,6A
Nichols,Skipworth,6A
Sib,Blacktin,6A
Jamima,Sunock,6A
Bennett,Gippes,6A
Wolf,Doust,6A
Thadeus,Aitchison,6A
Etta,Spottswood,6A
Joan,Wolstenholme,6A
Tremaine,Georgeon,6A
Lucho,Freed,6A
Franky,Prigg,6A
Jemmy,Drews,6A
Madelin,Crossfield,6A
Scott,Bartlam,6A
Persis,Franklen,6A
Devonne,Lorrain,6A
Gris,Conningham,6B
Ransom,Bax,6B
Norris,Litton,6B
Anthea,Raffan,6B
Tierney,Ikin,6B
Susanna,Duhig,6B
Hadleigh,Eustes,6B
Allayne,Mashal,6B
Saxon,Askaw,6B
Berkie,Nisot,6B
Ilene,Quesne,6B
Seka,Palphreyman,6B
Bruis,Elves,6B
Catina,Dudderidge,6B
Charlton,Gosnold,6B
Tam,Ebben,6B
Pier,Mussen,6B
Tod,Haffner,6B
Jacquelyn,Stuther,6C
Briant,Bratt,6C
Arly,Keenlayside,6C
Marvin,Nemchinov,6C
Vinita,Winborn,6C
Antin,Chaplain,6C
Sybille,Adamek,6C
Vilma,Snasdell,6C
Lanie,Wilden,6C
Nil,Conyers,6C
Deeann,Dighton,6C
Englebert,Prahl,6C
Talyah,Soppit,6C
Anders,Jenton,6C
Hyacinthia,Isac,6C
Doralin,Sleep,6C
Ofella,Janacek,6C
Austin,Osgerby,6C
Charlie,Culmer,6C
Felice,Karpenko,6C
Ludovika,Wareham,6C
Kori,Pilbeam,6C
Jeffrey,Michie,6C
Alberta,Murrigan,6D
Sherman,Hause,6D
Karlotte,Crewther,6D
Jodi,Mohammad,6D
Granny,Revans,6D
Hillary,Harber,6D
Damiano,Dewane,6D
Alaric,Landsberg,6D
Angela,Tice,6D
Alon,Gaw,6D
Gizela,Piner,6D
Pascale,Florio,6D
Stewart,Derricoat,6D
Jakie,Hightown,6D
Devinne,Couve,6D
Florella,Mc Giffin,6D
Tore,Harness,6D
Vikky,Summerson,6D
Nester,Collens,6D
Pierre,Cromly,6D
Filberte,Lisett,6E
Jolie,Prangley,6E
Mikkel,Greening,6E
Arielle,Boscher,6E
Barri,Kochlin,6E
Tamera,Tincombe,6E
Estella,MacNulty,6E
Delmore,MacConneely,6E
Justine,Losty,6E
Marlee,Wych,6E
Vernice,Danks,6E
Gran,Ready,6E
Brion,Boughtwood,6E
Aubrette,Carlet,6E
Nicolle,Rustich,6E
Rusty,Maddicks,6E
Pepita,Thominga,6E
Drake,Robe,6E
Flin,Fairbairn,6E
Stephie,Llop,6E
Robbie,Humbert,6E
Malinde,Cowitz,6E
Geraldine,Caherny,6E
Sheilah,Deakan,6F
Hinda,Lampitt,6F
Libbi,Camoys,6F
Quinlan,Curro,6F
Orelee,Jeggo,6F
Chauncey,Krochmann,6F
Matthus,McLeod,6F
Hilary,Cotmore,6F
Ferrel,Tapper,6F
Chet,Swire,6F
Adrianna,Bandey,6F
Jerrold,Terrill,6F
Kiel,de Mendoza,6F
Alexei,Audley,6F
Linoel,Headland,6F
Lindsy,Stead,6F
Jeanette,Randales,6F
Brinna,Towle,6F
Therine,Wasbrough,6F
Sammy,Desporte,6F
Tamarra,Choake,7A
Vonni,Tattershall,7A
Panchito,Bavidge,7A
Rozella,Reedy,7A
Douglass,Carmen,7A
Ford,Chidley,7A
Maye,Tissiman,7A
Florian,Firebrace,7A
Antons,Cochet,7A
Mackenzie,Finnemore,7A
Irvine,Bourgeois,7A
Nelson,Flisher,7A
Skye,Lebond,7A
Reece,Kristoffersson,7A
Hadrian,Piatkow,7A
Geno,Haythorne,7A
Adella,Thornton,7A
Kingsley,Awde,7A
Giordano,Luckman,7A
Abbye,Carn,7A
Kathryn,Cymper,7A
Alana,Emmins,7A
Doralin,Lynskey,7A
Rollie,Mariot,7B
Lamar,Perrington,7B
Damita,Quainton,7B
Cliff,Smaling,7B
Marylinda,Dommerque,7B
Sal,Pescud,7B
Lucias,Braund,7B
Thibaud,Southan,7B
Jehu,Arnold,7B
Arny,Fryett,7B
Rochette,Adenet,7B
Valentina,Dooler,7B
Catrina,Royse,7B
Jordana,Kelshaw,7B
Jerri,Lamkin,7B
Saul,OBradane,7B
Karlie,Colleford,7B
Hanson,Cleminshaw,7B
Gail,Rawcliff,7B
Chalmers,Aspinwall,7B
Giacobo,Laurance,7B
Junina,Griffitts,7C
Mischa,Jans,7C
Carly,Tynemouth,7C
Fairfax,Valler,7C
Dayle,Redmell,7C
Gelya,Henzley,7C
Cacilia,Handley,7C
Reagen,Farnhill,7C
Dalston,Winser,7C
Garik,Davidsen,7C
Carrissa,Sprason,7C
Shellie,Gregoriou,7C
Eugene,Delieu,7C
Derek,Smallwood,7C
Josiah,Ormiston,7C
Simona,Grafhom,7C
Clarissa,Bointon,7C
Grantham,Holby,7C
Adrian,Keightley,7C
Alejandrina,Connock,7C
Derril,Follan,7C
Wandis,Ridgeway,7D
Dorice,Prandini,7D
Claribel,Crenshaw,7D
Boot,O Loughran,7D
Allx,Garmston,7D
Jaime,Duffan,7D
Florina,Christofle,7D
Moses,Angier,7D
Meredith,McMenamie,7D
Brook,Blint,7D
Linnet,Stentiford,7D
Ulberto,Gaymar,7D
Dori,Tolomio,7D
Godfry,Bawden,7D
Ana,Keymar,7D
Albert,Tommasetti,7D
Burnaby,ODea,7D
Madeline,Kilfeather,7D
Madel,Alcock,7D
Henriette,Rodge,7E
Leeland,Sorby,7E
Nickolai,Jurgenson,7E
El,Meegin,7E
Darby,Roseborough,7E
Edith,Trolley,7E
Mathias,McFadzean,7E
Jemmie,Broker,7E
Colby,Petit,7E
Hendrick,Goodge,7E
Tonnie,Bringloe,7E
Christiano,Pietroni,7E
Patrizius,Hellyar,7E
Guillemette,Lanceter,7E
Cullie,Bednall,7E
Brook,Harriagn,7E
Ruprecht,Guislin,7E
Edwin,Tumpane,7E
Dita,Grinyov,7E
Mathe,Petto,7E
Salomone,Hum,7F
Wolfie,Scripps,7F
Man,Bodell,7F
Meta,Prestedge,7F
Moishe,Hanselmann,7F
Noach,Dickon,7F
Priscella,Cranmore,7F
Kaylee,Barracks,7F
Benton,Robshaw,7F
Sammy,Dmtrovic,7F
Levon,Ross,7F
Claresta,Studdard,7F
Payton,Agett,7F
Tomlin,Dionisio,7F
Anderson,Taylour,7F
Lionel,Kollasch,7F
Gwenny,Worge,7F
Bellanca,Yuill,8A
Blancha,Garrat,8A
Keane,Mullins,8A
Jefferey,Greenman,8A
Monroe,Clemon,8A
Marybelle,Eager,8A
Kettie,Murley,8A
Frederik,Biers,8A
Hank,Janoch,8A
Malorie,Raye,8A
Lin,Shrubsall,8A
Stephanie,Jull,8A
Goldi,Teague,8A
Marion,Canto,8A
Shurlock,Oloshin,8A
Gwenore,Cessford,8A
Cami,Hilldrup,8A
Milissent,Keady,8A
Egon,MacQueen,8A
Fifi,Moquin,8A
De witt,Zealy,8A
Eadmund,Olding,8A
Brockie,Caplan,8A
Malcolm,McGebenay,8B
Margit,Clissold,8B
Byran,Huot,8B
Osbourne,Tregust,8B
Papageno,McAuley,8B
Laureen,McBrier,8B
Josie,Verrillo,8B
Phineas,Whiskerd,8B
Collie,McCraine,8B
Regine,Wallhead,8B
Hortense,Hankin,8B
Sherilyn,Slaughter,8B
Nowell,Sommerville,8B
Rolph,Wyson,8B
Bernarr,Swatheridge,8B
Rina,Batalini,8B
Kathie,Venediktov,8B
Ernie,Sale,8B
Annaliese,Olle,8B
Morly,Timms,8B
Tracy,Benton,8B
Gradeigh,Drackford,8B
Aylmer,Yarnold,8B
Linet,Duligal,8B
Dulcea,Prestland,8B
Idalina,Krienke,8C
Lezlie,Roobottom,8C
Bastien,Gier,8C
Dorisa,Desvignes,8C
Emlyn,Fries,8C
Lawry,Logsdale,8C
Coreen,Goulden,8C
Ban,Rooney,8C
Brannon,Juszkiewicz,8C
Sallie,Pieter,8C
Quintina,Vye,8C
Bowie,Ducham,8C
Dallon,Begin,8C
Mildrid,Debill,8C
Fred,Izakof,8C
Hebert,Lidgley,8C
Freeland,Hender,8C
Jervis,Downgate,8C
Conan,Spurden,8C
Candis,Balma,8C
Alric,Mason,8C
Tiffie,Hablet,8C
Brittni,Fransemai,8C
Sophronia,Burcombe,8C
Claudette,Digginson,8C
Stevy,Bartaletti,8C
Ty,Compton,8D
Currey,Rillstone,8D
Orson,McGauhy,8D
Cliff,Coverly,8D
Brynne,Pennycord,8D
Johnette,Ingledew,8D
Samantha,Jacqueminet,8D
Land,Rotchell,8D
Kitty,Fullman,8D
Jayme,Payfoot,8D
Bruis,Labb,8D
Brenna,Norton,8D
Lindsay,Abeles,8D
Lissa,Rallin,8D
Nickie,Claridge,8D
Valerye,Craigg,8D
Kellie,Rouff,8D
Willamina,Upham,8D
Ilaire,Costell,8D
Cody,Fonzo,8D
Maynard,Bavester,8D
Benedikt,Bevan,8E
Rhiamon,Sammut,8E
Danyelle,Welbeck,8E
Jody,Szepe,8E
Sandra,Selwyn,8E
Emmy,Paffett,8E
Filippo,Jados,8E
Ruy,Cordy,8E
Siouxie,Brennen,8E
Carlita,Huish,8E
Milty,McGourty,8E
Lothario,Hansbury,8E
Damita,Rennock,8E
Rock,Barenski,8E
Dougy,Saile,8E
Zachariah,Venturoli,8E
Bertram,Youngs,8E
Elroy,Wasielewski,8E
Stesha,Yearby,8E
Mirabelle,Atley,8E
Reena,Waggett,9A
Carree,Milnthorpe,9A
Bald,Sleightholm,9A
Jacquenette,Greenhill,9A
Alta,Westrope,9A
Sharl,Cunrado,9A
Thadeus,Dixsee,9A
Celestyn,Boughen,9A
Bertina,Poytheras,9A
Thorn,Zaczek,9A
Barry,Loveredge,9A
Eldridge,Winteringham,9A
Maryrose,Pavinese,9A
Ulises,Larking,9A
Daisie,Wilman,9A
Emmie,Kirmond,9A
Barnaby,Nye,9A
Tammie,Barrasse,9A
Regina,Embleton,9A
Wally,Union,9A
Thurstan,Rogeon,9A
Maura,Carbett,9A
Miller,Prettjohn,9B
Josee,Scandrick,9B
Brendon,Greetham,9B
Fee,Riddich,9B
Omero,Spurrett,9B
Karyl,Wansbury,9B
Gannon,Bruhn,9B
Hammad,Meachem,9B
Rosco,Feldbrin,9B
Lutero,Etoile,9B
Kathie,Aburrow,9B
Wynne,Mathelin,9B
Eunice,Riseley,9B
Ethelda,Alderwick,9B
Madlen,Tofpik,9B
Brucie,Sawkins,9B
Ileana,Binnell,9B
Jarib,Lathleiffure,9B
Blane,Showen,9B
Kailey,Ledington,9B
Stevena,Brugsma,9B
Fallon,Casin,9C
Garold,Garnam,9C
Clark,Ebertz,9C
Kimball,Coleridge,9C
Darbie,Neve,9C
Kippy,Felder,9C
Emmit,Clemo,9C
Essa,Peris,9C
Gavin,Larkby,9C
Dacey,Lease,9C
Ingamar,Peterkin,9C
Rasia,Dries,9C
Valentijn,Janda,9C
Roxy,Commins,9C
Nickolai,Brandt,9C
Gaylene,MacGrath,9C
Zacherie,Iacovielli,9C
Josefa,Haycock,9C
Phineas,Johananov,9C
Wilma,Kidby,9C
Art,Tiller,9C
Tersina,Gayne,9C
Alasdair,Hewell,9C
Cacilie,Irwin,9C
Bartie,Huggard,9C
Alejandro,Pennells,9C
Marleen,Kauffman,9D
Ardelis,Areles,9D
Eddy,Bragger,9D
Charissa,Antic,9D
Steffane,Paddick,9D
Crista,Garfield,9D
Randee,Valler,9D
Rees,Heap,9D
Emylee,Laudham,9D
Marissa,Gudde,9D
Les,Mifflin,9D
Berry,Ferrone,9D
Alvin,Gajownik,9D
Danna,Sisselot,9D
Orlan,Maddison,9D
Jarid,Sturdey,9D
Ainslee,Fursey,9D
Orrin,McMonies,9D
Cart,Tubb,9D
Stanford,Laxon,9D
Farrell,Wogan,9D
Gilbertina,Tomlins,9D
Corene,Gouldstraw,9D
Roxi,Pitcock,9E
Kalina,Jotcham,9E
Liam,Sterke,9E
Hallie,Yakuntsov,9E
Opal,McGowran,9E
Gabriel,Glencrash,9E
Nani,Singleton,9E
Ara,Goligly,9E
Ninnette,Houldcroft,9E
Pia,Titmuss,9E
Ramonda,Castano,9E
Farrah,Ellett,9E
Arlene,Le Brom,9E
