1,Arleta,Bladesmith,VQRTH
2,Gerri,Limpricht,JENLD
3,Tersina,Scoates,KARFT
4,Lowrance,Diggles,GXBSH
5,Brandais,Foulsham,THCKT
6,Melantha,Berndtssen,LTPGB
7,Pepillo,Lafontaine,DVCXF
8,Mayor,Pitson,DIZJF
9,Brod,Tant,MCMPI
10,Danyelle,Moxham,AFTCD
11,Herman,Cecchetelli,LPLCA
12,Sherrie,Weatherup,SFIGO
13,Winny,Burkart,ITYRH
14,Rivkah,Rimmington,ZGOTT
15,Deerdre,Neil,ORRHT
16,Charles,Haselden,WNHXH
17,Theodosia,Giovannelli,EJIBU
18,Natalina,Hardes,ROUEV
19,Hartley,Hoff,VATHB
20,Marijo,Eastwell,QOTMA
21,Winni,Weddell,SLDYA
22,Rosemary,Padgett,TMUYB
23,Adriena,Bradnocke,NCEXL
24,Darius,Howis,BMDOH
25,Scot,Inder,YFZWW
26,Hermann,Gross,DAFXO
27,Richmound,Rolles,KGMKM
28,Wynn,Crimes,TVHUW
29,Sylas,Ghilardi,CIMAX
30,Tessi,Lanney,SJVZI
31,Gretal,Gouda,DJGQS
32,Jerrylee,Penni,GFHMS
33,Pieter,Gyford,JMRUF
34,Miner,Levee,PKVBP
35,Mendel,Deavin,CLMDQ
36,Timofei,Pentecost,OXJSR
37,Rosalinde,Falloon,HZILI
38,Rodolph,Amberson,UJIMN
39,Moritz,Pinkard,KICLU
40,Penny,Marke,RFHTQ
41,Ingram,Iredale,ZWRDO
42,Dukie,Folliott,SZWPV
43,Morton,Rene,PPDLP
44,Georgine,Santello,JHPPH
45,Baillie,Beal,IMAPU
46,Urbanus,Ingold,FFSKG
47,Shelia,Breston,REUXP
48,Clark,Berns,DRGXO
49,Emelen,Waszczyk,OCRRP
50,Loralee,Oxlade,OCBSY
51,Cammi,Elmar,BGNIK
52,Kittie,Zieme,WWSSV
53,Collete,Merriman,SACSH
54,Adelind,Blewett,AVUAF
55,Lester,Chidley,PHDYV
56,Sandor,Traher,XUHGJ
57,Augustin,Fryers,DIDLQ
58,Arnuad,Latham,GOYZX
59,Fenelia,Jex,JEQGW
60,Misti,Pedden,XTKHQ
61,Othello,Renvoys,YNPMC
62,Dorine,Munby,FOKJV
63,Jeno,Matignon,HXBIW
64,Kippie,Gossage,REMSG
65,Kipp,Welfair,BWVHO
66,Montgomery,Campagne,MFVRI
67,Fee,Sitlington,HPMWI
68,Aile,Beavon,PWZOV
69,Stavros,Beccera,ARLHS
70,Jolie,Dayton,OARWO
71,Carol-jean,Poltone,PELVY
72,Kurtis,Bello,YIJWJ
73,Waldemar,Stolte,HBXSY
74,Michaeline,Viant,MUAUO
75,Hersh,Muckloe,XSVVP
76,Jenny,Shales,PJZMW
77,Emmy,Mergue,TSLBA
78,Gilburt,Trevaskiss,YXSTD
79,Esme,Cootes,UCFIE
80,Pincus,Dulieu,QDVNP
81,Marice,Sommerling,GWRNO
82,Carrol,Sawers,CJGIS
83,Wallache,Gaitskill,JGJKH
84,Bradney,Carmel,PGPLK
85,Aland,Kienzle,VAYET
86,Noam,Blindmann,WSQSV
87,Larine,Jephcott,HZOBD
88,Eden,Studders,ZHZYB
89,Octavius,Starkings,XIMUF
90,Daphna,Rollinson,MQMNK
91,Lorrie,Claibourn,URNCF
92,Blinny,Iskowitz,CCQCI
93,Fanchon,Smart,AZEDS
94,Blinny,Kidgell,PLPXG
95,Adara,Klewer,DXLZW
96,Earvin,Bliss,VMYFK
97,Orazio,Roderick,VMCUV
98,Jonie,Kivelle,SKLGK
99,Wilfred,Tenny,OVDMW
100,Gael,Ayre,EPLKL
101,Annabal,Lethem,AFLEG
102,Britney,Middlemiss,ZCLQT
103,Brooks,Reeveley,AEJHH
104,Massimo,Fatscher,RHPIP
105,Collie,Martinie,RYTHS
106,Magdaia,Grisewood,FHQUN
107,Kliment,Bowbrick,HIXSQ
108,Puff,Dawley,PVXVV
109,Sigfried,Fuzzens,SONUC
110,Keefe,Ianiello,UXITS
111,Kalil,Hatzar,KRJKC
112,Daron,Kingsmill,NRZWV
113,Miles,Drohun,QDUYE
114,Natalina,Ambrosch,BFAIY
115,Thorsten,Druery,PLNQY
116,Joey,Skermer,NCNPC
117,Nessy,Perrygo,XOKQH
118,Marin,Behning,ICDXI
119,Nealy,Paulino,KCGIY
120,Olly,Snoddy,ZSILD
121,Angelia,Kipling,EIEUJ
122,Hieronymus,Bruyns,FDKOS
123,Tracie,Cordingly,KDRJW
124,Lambert,Habbergham,AWQTI
125,Alick,Lamond,ZTIND
126,Lotte,Aldridge,QNIGT
127,Natassia,Balderston,NJNWF
128,Bentley,Coytes,IDUZH
129,Edsel,Queree,WQJDD
130,Tamera,Gosalvez,FNUCL
131,Olly,Applewhite,VTDBL
132,Clayborne,Jayes,QMUAC
133,Paulie,Shotton,OWEEF
134,Carey,Geraud,FPIVJ
135,Jaye,Bassford,RQCJR
136,Melva,Cutbush,AYXIW
137,Bear,Fatscher,BGKPT
138,Junette,Byass,KOODW
139,Wileen,Klampk,SVWIQ
140,Lyndel,McQuillan,GKVZY
141,Camellia,Peasgood,BIJHS
142,Kessia,Boundley,GVLIL
143,Dal,Chipping,WBJSJ
144,Lucia,McGillecole,RCLFA
145,Vale,Streatley,WRHVC
146,Georges,Prettejohns,OWCJD
147,Vernor,Naris,NUGWR
148,Worthington,Abrahami,TFYRL
149,Carolina,Lawrenceson,PNQGD
150,Ashley,Riccardini,AQHOZ
151,Jenine,Bouette,YTLHM
152,Bill,Kittle,IKVYL
153,Celene,Stout,FKDWA
154,Tracy,Charpling,FECXR
155,Simonette,Fuzzens,BMZUN
156,Danna,Whawell,PMBAA
157,Kane,Vairow,YUZSH
158,Nickie,Olech,RNXAO
159,Wilmar,Lambrechts,XMMIS
160,Nathanial,de Courcy,OJNOT
161,Donavon,Siely,LNMLM
162,Eustace,Jellicorse,TIEKI
163,Barron,Solomonides,VSJOV
164,Ingrim,Oslar,FYIVT
165,Rakel,Hallock,ETCTQ
166,Evonne,Hallmark,UHWDS
167,Ashli,Timpany,HULVL
168,Rudyard,Bruhnsen,WUGJH
169,Adey,Di Carli,LMUHY
170,Dallas,Hackworthy,KRIEB
171,Earlie,Prantl,QBDOQ
172,Ody,Spreadbury,AUISI
173,Annora,Shearstone,IPWWL
174,Ozzy,Copyn,OBARW
175,Noam,Segeswoeth,JHRQQ
176,Quentin,Maplethorp,CQXYB
177,Bartlet,Sherar,WTCYC
178,Wilow,Cartmell,AQYHL
179,Lilla,Simunek,EABRU
180,Drucy,Chillistone,UJJMC
181,Tatiania,Schulz,AVBPC
182,Georgeanne,Sayce,RKXET
183,Nefen,Kensley,FUNSS
184,Prudy,Height,ZSUES
185,Evelin,Chang,UTTSV
186,Lev,Mitchell,RIUPP
187,Fabien,Burree,KZMJL
188,Lorelle,Conkay,ERNQR
189,Gwennie,Glassard,AAKUG
190,Bear,Juris,NJMQM
191,Rozele,Braidley,EHBZK
192,Zachariah,Custard,AWJTX
193,Allsun,Marl,SFOHO
194,Cordy,Bome,BKQQM
195,Lorenza,Orrobin,PEUON
196,Isabeau,Haimes,ZXCMY
197,Graehme,Ianne,UTWAO
198,Currie,Perritt,HVDPZ
199,Emmeline,Baccup,OHTXN
200,Melodee,Jacson,MKLXJ
201,Christian,Zorer,FKXNO
202,Aldo,Hadwick,QCNAD
203,Olav,Sydenham,MSKFB
204,Leland,Scyner,MKIMC
205,Florentia,Balazin,HNLAG
206,Evangelia,Kardos-Stowe,WCBXR
207,Payton,Peteri,IYQDR
208,Waylin,Keddie,FYYJK
209,Jania,Lafflin,XMRHF
210,Killy,Bayless,CMBTT
211,Jeddy,Makin,IKDSX
212,Fraser,Tryhorn,XRVOD
213,Aleen,Cooper,JQYOM
214,Derrick,Jorden,ILPOG
215,Grethel,Sutehall,FVNID
216,Lynna,Mealing,ZIYUF
217,Worth,Brabant,MTFCM
218,Allina,Kittredge,FVFYA
219,Josepha,Dieton,FPNCV
220,Gwyn,Sandbatch,ZFGOH
221,Garland,Nials,PWUAX
222,Tessi,Petters,OQQGX
223,Walther,Vannuchi,UUMET
224,Raddie,Blackmuir,QLVIL
225,Corey,Marjanski,XXMCL
226,Correy,Leith-Harvey,BQRSL
227,Claresta,Toppas,ITWXT
228,Hayes,Boler,YKCQX
229,Franchot,Wallington,KZMVL
230,Judah,Minocchi,PGZWD
231,Jarvis,Eayrs,AYVWF
232,Jayme,Fforde,LBZTI
233,Horacio,Stopforth,MRMAU
234,Currie,Hug,CWZRI
235,Ax,Garthland,OEAQX
236,Dalia,Waterstone,DBUHV
237,Town,Blues,YYTVT
238,Ozzy,Penchen,XJBOJ
239,Brew,Halfpenny,BRUKI
240,Essy,Malia,CFKTZ
241,Whitney,Rolling,GMPJM
242,Jereme,Haddy,TPPNB
243,Dorris,Broomhead,FLUYA
244,Salome,Attenbrow,VMOZZ
245,Rosaline,Spraberry,GGFWC
246,Robbie,Mirams,UWTKX
247,Georg,Kermitt,DWOGY
248,De witt,Carles,RVFWR
249,Daniele,Osburn,WSOJK
250,Will,Paddefield,PYMRP
251,Madalena,Sisland,RDGRT
252,Liana,Popplestone,MPSXZ
253,Sarge,Davoren,QWNSO
254,Car,Castagne,NHNPW
255,Bee,Gibby,FKXYA
256,Pierre,Emmerson,GQOIV
257,Chaddie,Stife,IDTLD
258,Pietra,Staterfield,QGHYV
259,Sunshine,Taunton,NSYYM
260,Barr,Greger,DECTV
261,Devin,Verryan,GFDRL
262,Prentiss,Janusik,UPGXF
263,Meridith,Ribbon,XFLFK
264,Abagail,Lucey,RQVLL
265,Jarret,Haggerwood,OWLDC
266,Alix,Crolla,HKZDQ
267,Bette,Gofford,VHTVC
268,Dicky,Adan,IQYLQ
269,Riane,Lumsdon,ZKFQZ
270,Lief,Revey,XCDDM
271,Beale,Vaughan-Hughes,SNJPI
272,Coretta,Vittore,BPVUN
273,Colline,Grolle,UARJY
274,Robbi,Greenshiels,CIIDP
275,Shellysheldon,Schonfeld,JXTPF
276,Amos,Pawelczyk,CXKYI
277,Beale,Eke,DIAXV
278,Herschel,De Hailes,ZOLWE
279,Hobard,Bartlam,ROWQX
280,Shel,Drees,NWBNO
281,Hallsy,Lindell,XSXVW
282,Eveline,Mullinger,AQRZX
283,Chicky,Pedrielli,AASHQ
284,Sigvard,Mainwaring,BDFND
285,Matthiew,Poile,EXTUD
286,Muire,Shawyers,FCWAZ
287,Devlen,Benet,BOHBT
288,Nerty,Minichi,HCJWY
289,Francene,Samsonsen,PBXXY
290,Chantalle,Awcoate,SVAWU
291,Robina,Galley,MTVTA
292,Sissy,Madsen,YZFRD
293,Herve,MacElroy,BXTRQ
294,Doroteya,Satyford,MXVAR
295,Mel,Mark,VRKPR
296,Claudius,Mettricke,ULPEJ
297,Fabian,De Ruggiero,EPMKY
298,Svend,Hairesnape,LZSSK
299,Stacee,Siggins,EOAIH
300,Rafaela,Szymanzyk,OMSKA
301,Melba,Scutts,DNKRY
302,Tiffani,Leng,PRXIZ
303,Myrle,Brodley,TWJXE
304,Camel,Rowbottom,QPNFG
305,Bibi,Saiz,OQRKX
306,Bern,Lowndes,JFEKX
307,Jedidiah,Reichardt,IJXXZ
308,Daffi,Straneo,YNNLM
309,Nerty,Dotterill,MHTNL
310,Heriberto,Isakov,LTATM
311,Raf,Choudhury,XSJJT
312,Ingmar,Dornin,BWOSQ
313,Dan,Kitt,UPCYJ
314,Clerkclaude,Macias,GRRIQ
315,Sandye,Colquhoun,QGMVV
316,Don,Berrecloth,ENZON
317,Sadye,Lukes,QSAPL
318,Ronnica,Checchi,HPZUJ
319,Ansell,Raeburn,KZIHC
320,Davy,Dormer,KJYKG
321,Dante,Iddens,JBAKM
322,Jonathon,Beckerleg,TLJKS
323,Allie,Bellin,MMFMV
324,Collette,Gerrett,SMVVN
325,Sherlocke,Petit,JZFIB
326,Sasha,Chaimson,UQUEV
327,Emmett,Gresswell,YBUFT
328,Darren,Relton,VEQYC
329,Mead,Lghan,IPQCK
330,Kelvin,Forrestall,OHJIA
331,Lilia,Mutter,AZOJO
332,Kinnie,Lathwood,ULFKH
333,Tristam,Terney,FFZSA
334,Roddie,Camsey,QDRUF
335,Paulo,Bernuzzi,SZOLX
336,Arabele,Eadie,BEEBE
337,Betteanne,Gurney,YMLRR
338,Shaylah,Woolger,CZVAE
339,Wit,Grancher,UDTDA
340,Launce,Harbisher,KNMIO
341,Herve,Iwanowicz,YYPTE
342,Juliane,Placidi,BEXNQ
343,Waylan,Hillhouse,PIFNY
344,Christopher,Sidaway,BNCFP
345,Lacy,Heijnen,EWDJG
346,Dennet,Lauks,TGKWQ
347,Trevor,Dwine,DPSKN
348,Sile,Bessett,RXBYY
349,Edita,Wandrey,ZIGLS
350,Anabel,Naptine,QAJEU
351,Amerigo,Toohey,PVKVV
352,Anthony,Gascar,ZFNDE
353,Guillaume,Marlon,GSKZM
354,Florrie,Klimt,KGOFM
355,Fredrika,Carcass,RIQZR
356,Coop,Landsberg,VJZPT
357,Rudiger,Meechan,UPLIR
358,Carmon,Dowglass,FFVXY
359,Cort,Magnay,LEUNH
360,Chas,Rounsefell,MNRVT
361,Ronald,Bricksey,IADWS
362,Sigrid,Dorber,JANUP
363,Catlee,Stubbings,TXUPC
364,Christye,Gegg,INTJU
365,Salem,Norrie,IFASG
366,Durant,Bachelar,QTRAQ
367,Laurianne,Fourmy,NRAHR
368,North,Rosewarne,DDLVT
369,Todd,Vasyanin,ELBOU
370,Daron,Campsall,PBUYA
371,Dionysus,Augustin,IPQOI
372,Forrest,Abdon,USDNU
373,Pail,Beves,PUKJR
374,Ellene,Magnar,QSRVS
375,Alexandrina,Warde,LMCMM
376,Sunny,Billson,DXROY
377,Orazio,Forgie,PUUMV
378,Julius,Didball,CCHMB
379,Bank,Huyche,HIMOP
380,Enrique,Goldfinch,IXXAS
381,Bennie,Leverette,QYEUK
382,Olwen,Coniff,AFHKN
383,Lisetta,Cadlock,KNEUD
384,Giraud,Gynne,ILQUJ
385,Trixi,Di Lucia,SIQQX
386,Feodora,Romeuf,NEXVZ
387,Ragnar,Akrigg,LCNDT
388,Marlo,Dunmuir,JNZJK
389,Arabele,Conti,CDJXZ
390,Drud,Bootton,CEQOT
391,Jorgan,Strowger,DLVDA
392,Corbie,Sendall,EMWLH
393,Channa,Deveril,EKULK
394,Antonius,Forsbey,MVHXL
395,Octavia,Petruszka,VHLCF
396,Cindee,Andreix,GGXBR
397,Nealy,Bailiss,UTKYI
398,Andonis,Elstone,SXCWU
399,Babbie,Probyn,FHHRC
400,Kinnie,Gerard,EJWJE
401,Tiphani,Daveley,TWFJS
402,Ignacio,Margerison,IBMAZ
403,Carmelle,Argile,ORBCE
404,Towney,Oates,IUGAC
405,Mariejeanne,Dykas,DVQZQ
406,Darcy,Diss,MBNSU
407,Dory,Viant,BULMT
408,Fenelia,Eaken,PVQIQ
409,Erhard,Grim,WUQNI
410,Kimberli,Gregine,TPTQC
411,Morgun,Tuckwell,IBUDU
412,Alyda,Cattini,XMVAJ
413,Merrill,Mapletoft,KJIAJ
414,Moise,Outerbridge,UFOVM
415,Hilary,de Copeman,SBEKN
416,Donn,OShavlan,WSFTL
417,Giraud,Soughton,RVQAV
418,Yard,Pheazey,FSSXV
419,Kendrick,Rosenfarb,RBBFR
420,Nessie,Durran,AIAGQ
421,Belicia,Daintrey,TQXHS
422,Eleni,Huxtable,RFQTU
423,Homer,Laste,OWPJH
424,Maximilien,Veivers,WKBLY
425,Rozanna,Teodori,WSATK
426,Mersey,Meachan,XLDNO
427,Teddie,Ferier,ZLVWZ
428,Aviva,Sansbury,WNZYW
429,Florina,Harden,TUKJZ
430,Dorie,Call,LDBFZ
431,Rana,McGonagle,VGIGX
432,Lexi,Payley,EHMGH
433,Forrest,Hobble,HTVPZ
434,Chickie,Cattrall,RMLAB
435,Travis,Fowgies,LIVPW
436,Mahmoud,Vittori,YGSDV
437,Albrecht,Martygin,URFPA
438,Dorice,Sayse,OULVQ
439,Samuel,Gateman,KWRGB
440,Rita,Goreway,MFCZV
441,Jeno,Spick,GJDLE
442,Tandie,Hamblyn,QXJII
443,Wilmar,Rodgers,SKMFN
444,Miranda,Gambrell,URENM
445,Darbee,Headland,OORIN
446,Miguel,Macconachy,RWSPT
447,Lloyd,Kimbly,QYPAW
448,Effie,Alflatt,VBSEW
449,Nathalie,Kemme,BTTHE
450,Abbye,Haversham,JDUWR
451,Skipton,Folke,AQPXS
452,Henri,Lee,VVCGY
453,Gorden,Oughtright,PZUCX
454,Cordell,Redon,LBQSI
455,Jimmie,Baly,ZQDNX
456,Enrichetta,Croydon,PYKFB
457,Peirce,Linton,KFFMM
458,Tanya,Woodyatt,PBRVV
459,Danila,Moreinu,CCBPY
460,Jeanie,Tryhorn,PSXEW
461,Giselle,Spires,WVBSA
462,Maddie,Ortes,KDKJN
463,Althea,Cervantes,DWZTY
464,Nevins,Korpal,DQWIX
465,Agna,Hedditeh,KTEAW
466,Jeanne,Braam,LDKTY
467,Robby,Tallant,MMSKQ
468,Porty,Collett,SNCRY
469,Brigham,Frankton,MJZFL
470,Curr,McGarel,HRZVR
471,Ryon,Dahlbom,NYQDZ
472,Tatum,Nelles,BIWQY
473,Kiah,Lugg,LNVOI
474,Hildegaard,Wasylkiewicz,APDQS
475,Man,Buxsey,GKKAO
476,Darsie,Turvey,EEUNB
477,Henrietta,Bletsor,NDYHR
478,Rana,Drought,KOPNN
479,Karena,Bunhill,XEQUZ
480,Maggy,Dieton,VOEJU
481,Coriss,Autie,GEZCT
482,Ricoriki,Eich,QRBVA
483,Lorinda,Ratazzi,KLEBB
484,Avram,Statefield,LIXQM
485,Shayna,Poge,XLTNM
486,Eleanore,Bacop,BQJTF
487,Simone,Drury,RXDKI
488,Anders,Jorczyk,GIDHX
489,Orelee,Vaughan,DPHBI
490,Jordanna,ORiordan,DCJKS
491,Carlen,Corfield,GSPKB
492,Noelle,Bromfield,JOPPK
493,Simonette,Colclough,UKUMK
494,Clay,McAughtrie,PULJR
495,Sly,Lethabridge,UUOVR
496,Bendicty,Benoi,PCLFC
497,Lilllie,Neild,JTFKM
498,Solly,Bradlaugh,RUOIL
499,Billie,Morrallee,ZBUFQ
500,Cortie,Goodsall,VKGPO
501,Allys,Brittoner,PCOLP
502,Wald,Di Lucia,HXJNF
503,Thebault,Bellsham,DFPPY
504,Savina,McGinney,QJMMO
505,Cathyleen,Attle,BBHSZ
506,Brinna,Bohlmann,BBHAK
507,Alessandra,Hearns,ZBEGZ
508,Aldo,Farres,UYPVO
509,Noami,Pollock,PUBYV
510,Melissa,Durn,FUBOC
511,Hyacinthe,Bartleet,ATFQV
512,Farrel,Hulles,QZCON
513,Colby,Baselio,YGPBR
514,Lisabeth,Adolfsen,PXAEG
515,Penni,Cholton,ZLGAM
516,Tory,Attril,BYHER
517,Jamal,Sanderson,DZQAL
518,Halimeda,McWhin,JCHWQ
519,Enos,Wharf,JUQTP
520,Henryetta,Cruse,WSMUR
521,Jule,Hovington,IQQWX
522,Rossie,Garforth,HXPRO
523,Lucian,Deeson,QPFZI
524,Skip,Telford,JFNJW
525,Scarlet,Grindle,JAERY
526,Charles,Zaniolini,FUBNM
527,Auroora,Billinge,BNNTX
528,Constantine,Grocott,CDYJZ
529,Chaddy,Bremond,XTZFG
530,Carole,Gibb,WHUTO
531,Claude,Suff,RDQZE
532,Ricca,Baldrey,YLAEY
533,Garrott,Fernandes,ODLRT
534,Antonina,Gidney,ZIWUH
535,Lexis,Lievesley,DJXZQ
536,Walton,Blankhorn,RBBWH
537,Marcille,Danielis,OBLAZ
538,Hermina,Pate,PJGXZ
539,Malcolm,Sighart,BBOJS
540,Nichols,Skipworth,PCTGI
541,Sib,Blacktin,FZLWK
542,Jamima,Sunock,RTXUS
543,Bennett,Gippes,BZXPS
544,Wolf,Doust,BUODY
545,Thadeus,Aitchison,OWNUF
546,Etta,Spottswood,YACVR
547,Joan,Wolstenholme,ACRCR
548,Tremaine,Georgeon,QUVVH
549,Lucho,Freed,NFLEB
550,Franky,Prigg,RQJZN
551,Jemmy,Drews,ZJIJS
552,Madelin,Crossfield,IAVWP
553,Scott,Bartlam,FKMYR
554,Persis,Franklen,WMAGQ
555,Devonne,Lorrain,VSJYD
556,Gris,Conningham,EXEYQ
557,Ransom,Bax,GWNSV
558,Norris,Litton,RGPXG
559,Anthea,Raffan,COKBO
560,Tierney,Ikin,QMYLH
561,Susanna,Duhig,DDDSL
562,Hadleigh,Eustes,ZCBZM
563,Allayne,Mashal,XDFFH
564,Saxon,Askaw,CIUQJ
565,Berkie,Nisot,CSILT
566,Ilene,Quesne,JXRQL
567,Seka,Palphreyman,BAMFR
568,Bruis,Elves,WWKFS
569,Catina,Dudderidge,HMOYN
570,Charlton,Gosnold,JZXLF
571,Tam,Ebben,PJJMB
572,Pier,Mussen,EMRJE
573,Tod,Haffner,XIILZ
574,Jacquelyn,Stuther,DNPZE
575,Briant,Bratt,TGVSR
576,Arly,Keenlayside,FGRTL
577,Marvin,Nemchinov,BKIJR
578,Vinita,Winborn,MLOMD
579,Antin,Chaplain,ANIAZ
580,Sybille,Adamek,QLJVX
581,Vilma,Snasdell,HQKFQ
582,Lanie,Wilden,OIQAO
583,Nil,Conyers,NPVDT
584,Deeann,Dighton,BXMHT
585,Englebert,Prahl,KPJDH
586,Talyah,Soppit,UAXIL
587,Anders,Jenton,WVKSS
588,Hyacinthia,Isac,NBZPZ
589,Doralin,Sleep,QOUYM
590,Ofella,Janacek,RMEXK
591,Austin,Osgerby,LCKIF
592,Charlie,Culmer,VMPRX
593,Felice,Karpenko,VFVSH
594,Ludovika,Wareham,DPXVR
595,Kori,Pilbeam,BKNCK
596,Jeffrey,Michie,EFHZY
597,Alberta,Murrigan,DULZM
598,Sherman,Hause,SAZOK
599,Karlotte,Crewther,CMWVY
600,Jodi,Mohammad,SSDKE
601,Granny,Revans,OSKKG
602,Hillary,Harber,UDFPZ
603,Damiano,Dewane,YZFVU
604,Alaric,Landsberg,DMSLA
605,Angela,Tice,KGCVN
606,Alon,Gaw,NDDEH
607,Gizela,Piner,DTXSO
608,Pascale,Florio,OUYWX
609,Stewart,Derricoat,FPAWK
610,Jakie,Hightown,IGHLC
611,Devinne,Couve,FTPVE
612,Florella,Mc Giffin,SXUID
613,Tore,Harness,LKNKF
614,Vikky,Summerson,FVNWY
615,Nester,Collens,CMBOI
616,Pierre,Cromly,NGAMW
617,Filberte,Lisett,EMQUM
618,Jolie,Prangley,DSQVW
619,Mikkel,Greening,VZLXH
620,Arielle,Boscher,SESMC
621,Barri,Kochlin,YQBGL
622,Tamera,Tincombe,SEIYI
623,Estella,MacNulty,UDJJP
624,Delmore,MacConneely,SDPVJ
625,Justine,Losty,BSMRA
626,Marlee,Wych,FFBMX
627,Vernice,Danks,KIYED
628,Gran,Ready,CHJTT
629,Brion,Boughtwood,JWPUY
630,Aubrette,Carlet,JFCLN
631,Nicolle,Rustich,OBHQI
632,Rusty,Maddicks,GETKN
633,Pepita,Thominga,TWALY
634,Drake,Robe,YSMRV
635,Flin,Fairbairn,QWWFZ
636,Stephie,Llop,ZZMTQ
637,Robbie,Humbert,ODZZP
638,Malinde,Cowitz,LAWJH
639,Geraldine,Caherny,QLJCL
640,Sheilah,Deakan,PRQKK
641,Hinda,Lampitt,HQGSP
642,Libbi,Camoys,KDLWG
643,Quinlan,Curro,GABRG
644,Orelee,Jeggo,IBWXK
645,Chauncey,Krochmann,OZRMA
646,Matthus,McLeod,KXAJL
647,Hilary,Cotmore,NTIST
648,Ferrel,Tapper,ALFKD
649,Chet,Swire,TJBZG
650,Adrianna,Bandey,REVCS
651,Jerrold,Terrill,FSHXZ
652,Kiel,de Mendoza,TVFYV
653,Alexei,Audley,QYAYN
654,Linoel,Headland,KRFEF
655,Lindsy,Stead,KNCNZ
656,Jeanette,Randales,JRBUZ
657,Brinna,Towle,QBHWH
658,Therine,Wasbrough,NVVRG
659,Sammy,Desporte,XCIAD
660,Tamarra,Choake,BZENQ
661,Vonni,Tattershall,FGXRI
662,Panchito,Bavidge,HFUQU
663,Rozella,Reedy,CJZST
664,Douglass,Carmen,HBOUR
665,Ford,Chidley,WAQRF
666,Maye,Tissiman,JVFFS
667,Florian,Firebrace,YINBX
668,Antons,Cochet,LFNPS
669,Mackenzie,Finnemore,FUTSE
670,Irvine,Bourgeois,DAIAN
671,Nelson,Flisher,QFXGK
672,Skye,Lebond,TMYMB
673,Reece,Kristoffersson,YLDKH
674,Hadrian,Piatkow,RDORZ
675,Geno,Haythorne,KFIAN
676,Adella,Thornton,DIYMM
677,Kingsley,Awde,TBOPS
678,Giordano,Luckman,JMJPW
679,Abbye,Carn,CPBOO
680,Kathryn,Cymper,DQZNU
681,Alana,Emmins,JBLVA
682,Doralin,Lynskey,EHTWU
683,Rollie,Mariot,RELSP
684,Lamar,Perrington,HKSKG
685,Damita,Quainton,RQQCG
686,Cliff,Smaling,IVXKE
687,Marylinda,Dommerque,DZQQO
688,Sal,Pescud,CXALT
689,Lucias,Braund,JVNUQ
690,Thibaud,Southan,HBXLQ
691,Jehu,Arnold,PXATQ
692,Arny,Fryett,EIOUZ
693,Rochette,Adenet,SODYM
694,Valentina,Dooler,SACED
695,Catrina,Royse,EKPEW
696,Jordana,Kelshaw,PRDTZ
697,Jerri,Lamkin,ZAGSA
698,Saul,OBradane,HNQOJ
699,Karlie,Colleford,MEKGW
700,Hanson,Cleminshaw,BNQBJ
701,Gail,Rawcliff,QNXQX
702,Chalmers,Aspinwall,OKHLJ
703,Giacobo,Laurance,HWRIB
704,Junina,Griffitts,XYPRM
705,Mischa,Jans,YCEAY
706,Carly,Tynemouth,YBTIX
707,Fairfax,Valler,FEVOF
708,Dayle,Redmell,ZUVJP
709,Gelya,Henzley,LAPWA
710,Cacilia,Handley,EHGPV
711,Reagen,Farnhill,THDYF
712,Dalston,Winser,GGPDC
713,Garik,Davidsen,ADZWG
714,Carrissa,Sprason,ASESQ
715,Shellie,Gregoriou,DBNQM
716,Eugene,Delieu,SWZLJ
717,Derek,Smallwood,JVRCY
718,Josiah,Ormiston,MJQLK
719,Simona,Grafhom,EFANK
720,Clarissa,Bointon,OHSEA
721,Grantham,Holby,AABCQ
722,Adrian,Keightley,QBLZO
723,Alejandrina,Connock,TNCQX
724,Derril,Follan,EJMKN
725,Wandis,Ridgeway,TEHZA
726,Dorice,Prandini,YEDZT
727,Claribel,Crenshaw,CCOGS
728,Boot,O Loughran,SNZBI
729,Allx,Garmston,JWUGM
730,Jaime,Duffan,SDGRN
731,Florina,Christofle,BVUAS
732,Moses,Angier,HZUCE
733,Meredith,McMenamie,VARSV
734,Brook,Blint,GNAVD
735,Linnet,Stentiford,ZYDFN
736,Ulberto,Gaymar,NEWIW
737,Dori,Tolomio,MTMME
738,Godfry,Bawden,XGYWP
739,Ana,Keymar,KTDUP
740,Albert,Tommasetti,NIBUZ
741,Burnaby,ODea,VADCO
742,Madeline,Kilfeather,TJYXT
743,Madel,Alcock,MMRSV
744,Henriette,Rodge,UAXTW
745,Leeland,Sorby,UCVFP
746,Nickolai,Jurgenson,QEOGA
747,El,Meegin,TRGRJ
748,Darby,Roseborough,UYYXV
749,Edith,Trolley,HUOFP
750,Mathias,McFadzean,GKZEQ
751,Jemmie,Broker,TZJAX
752,Colby,Petit,NMWEN
753,Hendrick,Goodge,HMLEV
754,Tonnie,Bringloe,HRJAP
755,Christiano,Pietroni,RMHUV
756,Patrizius,Hellyar,DMNYN
757,Guillemette,Lanceter,VXICT
758,Cullie,Bednall,DUNEM
759,Brook,Harriagn,ETAFW
760,Ruprecht,Guislin,IXVNN
761,Edwin,Tumpane,XXIMI
762,Dita,Grinyov,PAOMZ
763,Mathe,Petto,ZDGKS
764,Salomone,Hum,FEQMB
765,Wolfie,Scripps,LQYRQ
766,Man,Bodell,QNYOE
767,Meta,Prestedge,QCCZK
768,Moishe,Hanselmann,PCTFY
769,Noach,Dickon,HAGMO
770,Priscella,Cranmore,UTBKY
771,Kaylee,Barracks,EUSWS
772,Benton,Robshaw,JSHHH
773,Sammy,Dmtrovic,AMLVR
774,Levon,Ross,AEPDH
775,Claresta,Studdard,XFPVR
776,Payton,Agett,JSEML
777,Tomlin,Dionisio,ZGFBB
778,Anderson,Taylour,HHEUU
779,Lionel,Kollasch,DFBRX
780,Gwenny,Worge,BFPBY
781,Bellanca,Yuill,TBHEX
782,Blancha,Garrat,JBYBK
783,Keane,Mullins,MGRWF
784,Jefferey,Greenman,YNKPH
785,Monroe,Clemon,RTIUF
786,Marybelle,Eager,YEWDX
787,Kettie,Murley,DXYZI
788,Frederik,Biers,HTEMH
789,Hank,Janoch,IKBWD
790,Malorie,Raye,WHURZ
791,Lin,Shrubsall,AAOEM
792,Stephanie,Jull,QZUZE
793,Goldi,Teague,DHPNU
794,Marion,Canto,HBQQD
795,Shurlock,Oloshin,CJGVC
796,Gwenore,Cessford,FKGMV
797,Cami,Hilldrup,KPRON
798,Milissent,Keady,VIROJ
799,Egon,MacQueen,TJWUJ
800,Fifi,Moquin,NCPJH
801,De witt,Zealy,RJXNO
802,Eadmund,Olding,IRDGZ
803,Brockie,Caplan,HWQRU
804,Malcolm,McGebenay,IQROW
805,Margit,Clissold,EJJCP
806,Byran,Huot,WVICQ
807,Osbourne,Tregust,YCHKE
808,Papageno,McAuley,NRUZC
809,Laureen,McBrier,YCPHV
810,Josie,Verrillo,FKZJK
811,Phineas,Whiskerd,TAQSF
812,Collie,McCraine,LGIQM
813,Regine,Wallhead,XIXCE
814,Hortense,Hankin,YQJPZ
815,Sherilyn,Slaughter,CUPEE
816,Nowell,Sommerville,JPMJV
817,Rolph,Wyson,DKFLL
818,Bernarr,Swatheridge,FBUVV
819,Rina,Batalini,PTEJF
820,Kathie,Venediktov,CELBC
821,Ernie,Sale,SMAWW
822,Annaliese,Olle,QVQFM
823,Morly,Timms,HCAOP
824,Tracy,Benton,NNPIN
825,Gradeigh,Drackford,DJBDS
826,Aylmer,Yarnold,VGPDB
827,Linet,Duligal,QBVTD
828,Dulcea,Prestland,FKVIB
829,Idalina,Krienke,VUWNY
830,Lezlie,Roobottom,RCEUN
831,Bastien,Gier,SPIXF
832,Dorisa,Desvignes,VYPHV
833,Emlyn,Fries,STVTY
834,Lawry,Logsdale,BTWRH
835,Coreen,Goulden,SZCRX
836,Ban,Rooney,KPDRP
837,Brannon,Juszkiewicz,PFHQV
838,Sallie,Pieter,JCZPL
839,Quintina,Vye,PIFVL
840,Bowie,Ducham,UQOXL
841,Dallon,Begin,EJGSG
842,Mildrid,Debill,XPRPJ
843,Fred,Izakof,PMRHW
844,Hebert,Lidgley,REJPT
845,Freeland,Hender,OQHGH
846,Jervis,Downgate,UTOOE
847,Conan,Spurden,PBYEF
848,Candis,Balma,AOEVO
849,Alric,Mason,EIGMF
850,Tiffie,Hablet,SQYAN
851,Brittni,Fransemai,VETHS
852,Sophronia,Burcombe,JGZSN
853,Claudette,Digginson,FTLIQ
854,Stevy,Bartaletti,GQQYS
855,Ty,Compton,KLSQX
856,Currey,Rillstone,JSOKF
857,Orson,McGauhy,YWMUA
858,Cliff,Coverly,FXWWI
859,Brynne,Pennycord,JCZQD
860,Johnette,Ingledew,FLETR
861,Samantha,Jacqueminet,UZFDJ
862,Land,Rotchell,URORR
863,Kitty,Fullman,QIQXH
864,Jayme,Payfoot,UTGNN
865,Bruis,Labb,XUIFH
866,Brenna,Norton,PXVFQ
867,Lindsay,Abeles,LECUY
868,Lissa,Rallin,RGFCI
869,Nickie,Claridge,GEISU
870,Valerye,Craigg,CTWIT
871,Kellie,Rouff,ZZNUX
872,Willamina,Upham,AYKED
873,Ilaire,Costell,ZRLOR
874,Cody,Fonzo,MZGOT
875,Maynard,Bavester,IFAUA
876,Benedikt,Bevan,ACZYS
877,Rhiamon,Sammut,CPDTJ
878,Danyelle,Welbeck,KMFBW
879,Jody,Szepe,ZHQJQ
880,Sandra,Selwyn,SNDHV
881,Emmy,Paffett,FCDGS
882,Filippo,Jados,CKDUH
883,Ruy,Cordy,IRZAC
884,Siouxie,Brennen,SFFEG
885,Carlita,Huish,YZJOL
886,Milty,McGourty,BISNJ
887,Lothario,Hansbury,ISQBO
888,Damita,Rennock,QFZEZ
889,Rock,Barenski,SRVAY
890,Dougy,Saile,MFSCJ
891,Zachariah,Venturoli,QICLN
892,Bertram,Youngs,WGEZL
893,Elroy,Wasielewski,IBXAA
894,Stesha,Yearby,VDCSE
895,Mirabelle,Atley,YVYCR
896,Reena,Waggett,PAPSK
897,Carree,Milnthorpe,KTJVI
898,Bald,Sleightholm,RQWXG
899,Jacquenette,Greenhill,EIHSN
900,Alta,Westrope,YIOLY
901,Sharl,Cunrado,FMHSY
902,Thadeus,Dixsee,XKIWI
903,Celestyn,Boughen,ICQYA
904,Bertina,Poytheras,LOFTM
905,Thorn,Zaczek,SIKMH
906,Barry,Loveredge,NOTBD
907,Eldridge,Winteringham,NBKGJ
908,Maryrose,Pavinese,ORYFJ
909,Ulises,Larking,NKZQB
910,Daisie,Wilman,TDEAM
911,Emmie,Kirmond,KIXAA
912,Barnaby,Nye,YIZEZ
913,Tammie,Barrasse,SVPLB
914,Regina,Embleton,UGROC
915,Wally,Union,OGZXU
916,Thurstan,Rogeon,QFNWX
917,Maura,Carbett,LLANN
918,Miller,Prettjohn,UFYIJ
919,Josee,Scandrick,DFYYG
920,Brendon,Greetham,MWTMK
921,Fee,Riddich,LVEDJ
922,Omero,Spurrett,WEVIJ
923,Karyl,Wansbury,RNTEN
924,Gannon,Bruhn,PWFAF
925,Hammad,Meachem,YSLXB
926,Rosco,Feldbrin,VMDQF
927,Lutero,Etoile,XEZDY
928,Kathie,Aburrow,SXNWP
929,Wynne,Mathelin,ULYOZ
930,Eunice,Riseley,ZWEXI
931,Ethelda,Alderwick,OBGLL
932,Madlen,Tofpik,NASRO
933,Brucie,Sawkins,ENOJY
934,Ileana,Binnell,VMHBF
935,Jarib,Lathleiffure,KMGHS
936,Blane,Showen,TYKTR
937,Kailey,Ledington,NESHG
938,Stevena,Brugsma,RTQYO
939,Fallon,Casin,SQCOP
940,Garold,Garnam,XTGKK
941,Clark,Ebertz,YLIVY
942,Kimball,Coleridge,GFPTE
943,Darbie,Neve,CKFJR
944,Kippy,Felder,AFKFX
945,Emmit,Clemo,SUPVK
946,Essa,Peris,IDSZO
947,Gavin,Larkby,SDPDL
948,Dacey,Lease,UGBBL
949,Ingamar,Peterkin,IRSOS
950,Rasia,Dries,HHWKK
951,Valentijn,Janda,KEPKP
952,Roxy,Commins,BSNNB
953,Nickolai,Brandt,UOEVH
954,Gaylene,MacGrath,UKWKP
955,Zacherie,Iacovielli,ULETN
956,Josefa,Haycock,QUALB
957,Phineas,Johananov,KLQWP
958,Wilma,Kidby,JILDV
959,Art,Tiller,BCAIF
960,Tersina,Gayne,SCBXI
961,Alasdair,Hewell,UDELF
962,Cacilie,Irwin,MKCEY
963,Bartie,Huggard,OFFOY
964,Alejandro,Pennells,NBDFB
965,Marleen,Kauffman,CTMHF
966,Ardelis,Areles,EFWSZ
967,Eddy,Bragger,ZWLZT
968,Charissa,Antic,DSQYY
969,Steffane,Paddick,VINHB
970,Crista,Garfield,SXWUB
971,Randee,Valler,MNPKE
972,Rees,Heap,TZJLM
973,Emylee,Laudham,ARBJB
974,Marissa,Gudde,CNFJC
975,Les,Mifflin,ALUVY
976,Berry,Ferrone,FUTLJ
977,Alvin,Gajownik,CFZHN
978,Danna,Sisselot,HVCYG
979,Orlan,Maddison,NHYKU
980,Jarid,Sturdey,VEACM
981,Ainslee,Fursey,KVXND
982,Orrin,McMonies,JCHWY
983,Cart,Tubb,VISZY
984,Stanford,Laxon,EKWTK
985,Farrell,Wogan,VBXJG
986,Gilbertina,Tomlins,TDCPX
987,Corene,Gouldstraw,WAMEN
988,Roxi,Pitcock,BWSFK
989,Kalina,Jotcham,PZRKV
990,Liam,Sterke,EJKON
991,Hallie,Yakuntsov,SJAVF
992,Opal,McGowran,KKJFX
993,Gabriel,Glencrash,YLYNY
994,Nani,Singleton,GOLCC
995,Ara,Goligly,BOZAC
996,Ninnette,Houldcroft,JJNDP
997,Pia,Titmuss,QSJCF
998,Ramonda,Castano,TFLEM
999,Farrah,Ellett,NDAZJ
1000,Arlene,Le Brom,BGPUA
